theta_cm_deg,fresco_mb_sr,scaled_mb_sr
0,2,0.2389964702
0.1,1.439,0.1719579603
0.2,1.439,0.1719579603
0.3,1.438,0.171838462
0.4,1.438,0.171838462
0.5,1.438,0.171838462
0.6,1.437,0.1717189638
0.7,1.437,0.1717189638
0.8,1.436,0.1715994656
0.9,1.435,0.1714799673
1,1.434,0.1713604691
1.1,1.433,0.1712409709
1.2,1.432,0.1711214726
1.3,1.431,0.1710019744
1.4,1.43,0.1708824762
1.5,1.429,0.1707629779
1.6,1.427,0.1705239815
1.7,1.426,0.1704044832
1.8,1.424,0.1701654868
1.9,1.422,0.1699264903
2,1.421,0.1698069921
2.1,1.419,0.1695679956
2.2,1.417,0.1693289991
2.3,1.415,0.1690900026
2.4,1.412,0.1687315079
2.5,1.41,0.1684925115
2.6,1.408,0.168253515
2.7,1.405,0.1678950203
2.8,1.403,0.1676560238
2.9,1.4,0.1672975291
3,1.397,0.1669390344
3.1,1.394,0.1665805397
3.2,1.391,0.166222045
3.3,1.388,0.1658635503
3.4,1.385,0.1655050556
3.5,1.381,0.1650270626
3.6,1.378,0.1646685679
3.7,1.374,0.164190575
3.8,1.37,0.1637125821
3.9,1.367,0.1633540874
4,1.363,0.1628760944
4.1,1.359,0.1623981015
4.2,1.354,0.1618006103
4.3,1.35,0.1613226174
4.4,1.346,0.1608446244
4.5,1.341,0.1602471332
4.6,1.336,0.1596496421
4.7,1.332,0.1591716491
4.8,1.327,0.158574158
4.9,1.322,0.1579766668
5,1.316,0.1572596774
5.1,1.311,0.1566621862
5.2,1.306,0.156064695
5.3,1.3,0.1553477056
5.4,1.294,0.1546307162
5.5,1.288,0.1539137268
5.6,1.282,0.1531967374
5.7,1.276,0.152479748
5.8,1.27,0.1517627586
5.9,1.264,0.1510457691
6,1.257,0.1502092815
6.1,1.251,0.1494922921
6.2,1.244,0.1486558044
6.3,1.237,0.1478193168
6.4,1.23,0.1469828292
6.5,1.223,0.1461463415
6.6,1.216,0.1453098539
6.7,1.208,0.144353868
6.8,1.201,0.1435173803
6.9,1.193,0.1425613945
7,1.185,0.1416054086
7.1,1.177,0.1406494227
7.2,1.169,0.1396934368
7.3,1.161,0.1387374509
7.4,1.153,0.137781465
7.5,1.145,0.1368254792
7.6,1.136,0.1357499951
7.7,1.127,0.1346745109
7.8,1.119,0.1337185251
7.9,1.11,0.1326430409
8,1.101,0.1315675568
8.1,1.092,0.1304920727
8.2,1.083,0.1294165886
8.3,1.074,0.1283411045
8.4,1.064,0.1271461221
8.5,1.055,0.126070638
8.6,1.045,0.1248756557
8.7,1.036,0.1238001715
8.8,1.026,0.1226051892
8.9,1.016,0.1214102068
9,1.007,0.1203347227
9.1,0.9966,0.1190919411
9.2,0.9866,0.1178969587
9.3,0.9765,0.1166900266
9.4,0.9664,0.1154830944
9.5,0.9562,0.1142642124
9.6,0.946,0.1130453304
9.7,0.9357,0.1118144986
9.8,0.9253,0.1105717169
9.9,0.9149,0.1093289353
10,0.9045,0.1080861536
10.1,0.894,0.1068314222
10.2,0.8834,0.1055647409
10.3,0.8729,0.1043100094
10.4,0.8623,0.1030433281
10.5,0.8517,0.1017766468
10.6,0.841,0.1004980157
10.7,0.8304,0.09923133441
10.8,0.8197,0.0979527033
10.9,0.809,0.09667407218
11,0.7983,0.09539544107
11.1,0.7877,0.09412875977
11.2,0.777,0.09285012866
11.3,0.7663,0.09157149754
11.4,0.7556,0.09029286643
11.5,0.7449,0.08901423531
11.6,0.7343,0.08774755402
11.7,0.7237,0.08648087273
11.8,0.7131,0.08521419144
11.9,0.7025,0.08394751014
12,0.692,0.08269277868
12.1,0.6815,0.08143804721
12.2,0.671,0.08018331574
12.3,0.6606,0.0789405341
12.4,0.6502,0.07769775245
12.5,0.6399,0.07646692063
12.6,0.6296,0.07523608881
12.7,0.6194,0.07401720681
12.8,0.6093,0.07281027464
12.9,0.5992,0.07160334246
13,0.5892,0.07040836011
13.1,0.5793,0.06922532758
13.2,0.5694,0.06804229506
13.3,0.5597,0.06688316218
13.4,0.55,0.06572402929
13.5,0.5404,0.06457684624
13.6,0.5309,0.063441613
13.7,0.5215,0.0623183296
13.8,0.5121,0.06119504619
13.9,0.5029,0.06009566242
14,0.4938,0.05900822848
14.1,0.4848,0.05793274437
14.2,0.4759,0.05686921008
14.3,0.4671,0.05581762561
14.4,0.4584,0.05477799096
14.5,0.4498,0.05375030614
14.6,0.4414,0.05274652097
14.7,0.4331,0.05175468561
14.8,0.4248,0.05076285026
14.9,0.4168,0.04980686438
15,0.4088,0.0488508785
15.1,0.401,0.04791879227
15.2,0.3933,0.04699865586
15.3,0.3857,0.04609046927
15.4,0.3783,0.04520618233
15.5,0.371,0.04433384522
15.6,0.3638,0.04347345792
15.7,0.3568,0.04263697028
15.8,0.3499,0.04181243246
15.9,0.3432,0.04101179428
16,0.3365,0.04021115611
16.1,0.3301,0.0394463674
16.2,0.3237,0.0386815787
16.3,0.3175,0.03794068964
16.4,0.3115,0.03722370023
16.5,0.3056,0.03651866064
16.6,0.2998,0.03582557088
16.7,0.2942,0.03515638076
16.8,0.2887,0.03449914047
16.9,0.2833,0.03385385
17,0.2781,0.03323245918
17.1,0.273,0.03262301818
17.2,0.268,0.032025527
17.3,0.2632,0.03145193547
17.4,0.2586,0.03090224359
17.5,0.254,0.03035255171
17.6,0.2496,0.02982675948
17.7,0.2453,0.02931291707
17.8,0.2412,0.0288229743
17.9,0.2372,0.02834498136
18,0.2333,0.02787893824
18.1,0.2295,0.02742484495
18.2,0.2258,0.02698270148
18.3,0.2223,0.02656445766
18.4,0.2189,0.02615816366
18.5,0.2156,0.02576381948
18.6,0.2124,0.02538142513
18.7,0.2094,0.02502293043
18.8,0.2064,0.02466443572
18.9,0.2036,0.02432984066
19,0.2008,0.0239952456
19.1,0.1982,0.02368455019
19.2,0.1957,0.02338580461
19.3,0.1932,0.02308705902
19.4,0.1909,0.02281221308
19.5,0.1887,0.02254931696
19.6,0.1865,0.02228642084
19.7,0.1845,0.02204742437
19.8,0.1825,0.0218084279
19.9,0.1806,0.02158138126
20,0.1788,0.02136628443
20.1,0.1771,0.02116313743
20.2,0.1754,0.02095999043
20.3,0.1739,0.02078074308
20.4,0.1724,0.02060149573
20.5,0.1709,0.02042224838
20.6,0.1696,0.02026690067
20.7,0.1683,0.02011155296
20.8,0.167,0.01995620526
20.9,0.1658,0.01981280738
21,0.1647,0.01968135932
21.1,0.1636,0.01954991126
21.2,0.1626,0.01943041302
21.3,0.1616,0.01931091479
21.4,0.1607,0.01920336638
21.5,0.1598,0.01909581797
21.6,0.159,0.01900021938
21.7,0.1582,0.01890462079
21.8,0.1574,0.0188090222
21.9,0.1566,0.01871342361
22,0.1559,0.01862977485
22.1,0.1552,0.01854612608
22.2,0.1546,0.01847442714
22.3,0.154,0.0184027282
22.4,0.1533,0.01831907944
22.5,0.1528,0.01825933032
22.6,0.1522,0.01818763138
22.7,0.1516,0.01811593244
22.8,0.1511,0.01805618332
22.9,0.1505,0.01798448438
23,0.15,0.01792473526
23.1,0.1495,0.01786498614
23.2,0.149,0.01780523703
23.3,0.1485,0.01774548791
23.4,0.1479,0.01767378897
23.5,0.1474,0.01761403985
23.6,0.1469,0.01755429073
23.7,0.1464,0.01749454162
23.8,0.1459,0.0174347925
23.9,0.1453,0.01736309356
24,0.1448,0.01730334444
24.1,0.1442,0.0172316455
24.2,0.1437,0.01717189638
24.3,0.1431,0.01710019744
24.4,0.1425,0.0170284985
24.5,0.1419,0.01695679956
24.6,0.1413,0.01688510062
24.7,0.1406,0.01680145185
24.8,0.14,0.01672975291
24.9,0.1393,0.01664610415
25,0.1386,0.01656245538
25.1,0.1379,0.01647880662
25.2,0.1372,0.01639515785
25.3,0.1364,0.01629955927
25.4,0.1356,0.01620396068
25.5,0.1348,0.01610836209
25.6,0.134,0.0160127635
25.7,0.1331,0.01590521509
25.8,0.1323,0.0158096165
25.9,0.1314,0.01570206809
26,0.1305,0.01559451968
26.1,0.1295,0.01547502144
26.2,0.1285,0.01535552321
26.3,0.1276,0.0152479748
26.4,0.1265,0.01511652674
26.5,0.1255,0.0149970285
26.6,0.1244,0.01486558044
26.7,0.1234,0.01474608221
26.8,0.1223,0.01461463415
26.9,0.1211,0.01447123627
27,0.12,0.01433978821
27.1,0.1188,0.01419639033
27.2,0.1176,0.01405299245
27.3,0.1164,0.01390959456
27.4,0.1152,0.01376619668
27.5,0.1139,0.01361084898
27.6,0.1127,0.01346745109
27.7,0.1114,0.01331210339
27.8,0.1101,0.01315675568
27.9,0.1088,0.01300140798
28,0.1074,0.01283411045
28.1,0.1061,0.01267876274
28.2,0.1047,0.01251146521
28.3,0.1034,0.01235611751
28.4,0.102,0.01218881998
28.5,0.1006,0.01202152245
28.6,0.09922,0.01185661488
28.7,0.09781,0.01168812237
28.8,0.0964,0.01151962986
28.9,0.09499,0.01135113735
29,0.09356,0.01118025487
29.1,0.09214,0.01101056738
29.2,0.09071,0.0108396849
29.3,0.08928,0.01066880243
29.4,0.08785,0.01049791995
29.5,0.08642,0.01032703748
29.6,0.08499,0.010156155
29.7,0.08356,0.009985272523
29.8,0.08214,0.00981558503
29.9,0.08072,0.009645897536
30,0.07931,0.009477405024
30.1,0.0779,0.009308912513
30.2,0.0765,0.009141614984
30.3,0.07511,0.008975512437
30.4,0.07372,0.00880940989
30.5,0.07235,0.008645697308
30.6,0.07099,0.008483179708
30.7,0.06964,0.008321857091
30.8,0.0683,0.008161729456
30.9,0.06697,0.008002796803
31,0.06567,0.007847449098
31.1,0.06437,0.007692101392
31.2,0.06309,0.007539143651
31.3,0.06183,0.007388575875
31.4,0.06059,0.007240398064
31.5,0.05936,0.007093415234
31.6,0.05816,0.006950017352
31.7,0.05697,0.006807814453
31.8,0.0558,0.006668001518
31.9,0.05466,0.00653177353
32,0.05353,0.006396740524
32.1,0.05243,0.006265292465
32.2,0.05135,0.006136234371
32.3,0.0503,0.006010761225
32.4,0.04927,0.005887678042
32.5,0.04826,0.005766984825
32.6,0.04728,0.005649876555
32.7,0.04632,0.005535158249
32.8,0.04538,0.005422829908
32.9,0.04448,0.005315281496
33,0.0436,0.00521012305
33.1,0.04274,0.005107354567
33.2,0.04192,0.005009366015
33.3,0.04112,0.004913767427
33.4,0.04034,0.004820558803
33.5,0.0396,0.004732130109
33.6,0.03888,0.00464609138
33.7,0.03819,0.004563637598
33.8,0.03753,0.004484768763
33.9,0.03689,0.004408289892
34,0.03629,0.004336590951
34.1,0.03571,0.004267281975
34.2,0.03516,0.004201557945
34.3,0.03463,0.004138223881
34.4,0.03414,0.004079669746
34.5,0.03367,0.004023505575
34.6,0.03323,0.003970926352
34.7,0.03281,0.003920737093
34.8,0.03243,0.003875327764
34.9,0.03207,0.003832308399
35,0.03174,0.003792873981
35.1,0.03143,0.003755829529
35.2,0.03115,0.003722370023
35.3,0.03089,0.003691300482
35.4,0.03066,0.003663815888
35.5,0.03046,0.003639916241
35.6,0.03028,0.003618406558
35.7,0.03012,0.003599286841
35.8,0.02999,0.00358375207
35.9,0.02988,0.003570607264
36,0.02979,0.003559852423
36.1,0.02972,0.003551487547
36.2,0.02968,0.003546707617
36.3,0.02965,0.00354312267
36.4,0.02965,0.00354312267
36.5,0.02966,0.003544317653
36.6,0.0297,0.003549097582
36.7,0.02975,0.003555072494
36.8,0.02982,0.00356343737
36.9,0.02991,0.003574192211
37,0.03001,0.003586142035
37.1,0.03013,0.003600481823
37.2,0.03026,0.003616016594
37.3,0.03041,0.003633941329
37.4,0.03057,0.003653061046
37.5,0.03074,0.003673375746
37.6,0.03093,0.003696080411
37.7,0.03112,0.003718785076
37.8,0.03133,0.003743879705
37.9,0.03155,0.003770169317
38,0.03177,0.003796458929
38.1,0.032,0.003823943523
38.2,0.03224,0.003852623099
38.3,0.03249,0.003882497658
38.4,0.03274,0.003912372217
38.5,0.033,0.003943441758
38.6,0.03326,0.003974511299
38.7,0.03353,0.004006775822
38.8,0.0338,0.004039040346
38.9,0.03407,0.004071304869
39,0.03434,0.004103569393
39.1,0.03462,0.004137028899
39.2,0.03489,0.004169293422
39.3,0.03517,0.004202752928
39.4,0.03544,0.004235017451
39.5,0.03571,0.004267281975
39.6,0.03598,0.004299546498
39.7,0.03625,0.004331811022
39.8,0.03652,0.004364075545
39.9,0.03678,0.004395145086
40,0.03703,0.004425019645
40.1,0.03729,0.004456089186
40.2,0.03753,0.004484768763
40.3,0.03778,0.004514643321
40.4,0.03801,0.004542127915
40.5,0.03824,0.00456961251
40.6,0.03846,0.004595902121
40.7,0.03868,0.004622191733
40.8,0.03889,0.004647286362
40.9,0.03909,0.004671186009
41,0.03928,0.004693890674
41.1,0.03946,0.004715400356
41.2,0.03964,0.004736910039
41.3,0.0398,0.004756029756
41.4,0.03996,0.004775149474
41.5,0.04011,0.004793074209
41.6,0.04024,0.00480860898
41.7,0.04037,0.00482414375
41.8,0.04049,0.004838483538
41.9,0.04059,0.004850433362
42,0.04069,0.004862383185
42.1,0.04078,0.004873138027
42.2,0.04085,0.004881502903
42.3,0.04091,0.004888672797
42.4,0.04097,0.004895842691
42.5,0.04101,0.004900622621
42.6,0.04104,0.004904207568
42.7,0.04106,0.004906597532
42.8,0.04107,0.004907792515
42.9,0.04107,0.004907792515
43,0.04105,0.00490540255
43.1,0.04103,0.004903012585
43.2,0.04099,0.004898232656
43.3,0.04095,0.004893452727
43.4,0.04089,0.004886282832
43.5,0.04082,0.004877917956
43.6,0.04074,0.004868358097
43.7,0.04064,0.004856408274
43.8,0.04054,0.00484445845
43.9,0.04043,0.004831313644
44,0.0403,0.004815778874
44.1,0.04017,0.004800244103
44.2,0.04002,0.004782319368
44.3,0.03986,0.00476319965
44.4,0.03969,0.00474288495
44.5,0.03952,0.00472257025
44.6,0.03933,0.004699865586
44.7,0.03913,0.004675965939
44.8,0.03892,0.004650871309
44.9,0.0387,0.004624581698
45,0.03848,0.004598292086
45.1,0.03824,0.00456961251
45.2,0.03799,0.004539737951
45.3,0.03774,0.004509863392
45.4,0.03747,0.004477598869
45.5,0.0372,0.004445334345
45.6,0.03692,0.004411874839
45.7,0.03663,0.004377220351
45.8,0.03634,0.004342565863
45.9,0.03603,0.00430552141
46,0.03572,0.004268476957
46.1,0.0354,0.004230237522
46.2,0.03508,0.004191998087
46.3,0.03474,0.004151368687
46.4,0.03441,0.004111934269
46.5,0.03406,0.004070109887
46.6,0.03371,0.004028285505
46.7,0.03336,0.003986461122
46.8,0.033,0.003943441758
46.9,0.03263,0.003899227411
47,0.03226,0.003855013064
47.1,0.03189,0.003810798717
47.2,0.03152,0.00376658437
47.3,0.03114,0.00372117504
47.4,0.03075,0.003674570729
47.5,0.03037,0.003629161399
47.6,0.02998,0.003582557088
47.7,0.02959,0.003535952776
47.8,0.0292,0.003489348464
47.9,0.0288,0.00344154917
48,0.02841,0.003394944859
48.1,0.02802,0.003348340547
48.2,0.02762,0.003300541253
48.3,0.02722,0.003252741959
48.4,0.02683,0.003206137647
48.5,0.02643,0.003158338353
48.6,0.02604,0.003111734042
48.7,0.02565,0.00306512973
48.8,0.02525,0.003017330436
48.9,0.02486,0.002970726124
49,0.02447,0.002924121812
49.1,0.02409,0.002878712483
49.2,0.0237,0.002832108171
49.3,0.02332,0.002786698842
49.4,0.02294,0.002741289513
49.5,0.02257,0.002697075166
49.6,0.02219,0.002651665836
49.7,0.02182,0.002607451489
49.8,0.02146,0.002564432125
49.9,0.02109,0.002520217778
50,0.02073,0.002477198413
50.1,0.02038,0.002435374031
50.2,0.02003,0.002393549649
50.3,0.01968,0.002351725266
50.4,0.01934,0.002311095866
50.5,0.019,0.002270466467
50.6,0.01867,0.002231032049
50.7,0.01834,0.002191597631
50.8,0.01801,0.002152163214
50.9,0.0177,0.002115118761
51,0.01738,0.002076879326
51.1,0.01707,0.002039834873
51.2,0.01677,0.002003985402
51.3,0.01647,0.001968135932
51.4,0.01617,0.001932286461
51.5,0.01588,0.001897631973
51.6,0.0156,0.001864172467
51.7,0.01532,0.001830712961
51.8,0.01505,0.001798448438
51.9,0.01478,0.001766183915
52,0.01451,0.001733919391
52.1,0.01425,0.00170284985
52.2,0.014,0.001672975291
52.3,0.01375,0.001643100732
52.4,0.01351,0.001614421156
52.5,0.01327,0.00158574158
52.6,0.01304,0.001558256985
52.7,0.01281,0.001530772391
52.8,0.01259,0.00150448278
52.9,0.01237,0.001478193168
53,0.01215,0.001451903556
53.1,0.01195,0.001428003909
53.2,0.01174,0.00140290928
53.3,0.01154,0.001379009633
53.4,0.01135,0.001356304968
53.5,0.01116,0.001333600304
53.6,0.01098,0.001312090621
53.7,0.0108,0.001290580939
53.8,0.01062,0.001269071257
53.9,0.01045,0.001248756557
54,0.01029,0.001229636839
54.1,0.01013,0.001210517121
54.2,0.009971,0.001191516902
54.3,0.009819,0.00117335317
54.4,0.009672,0.00115578693
54.5,0.009528,0.001138579184
54.6,0.009389,0.001121968929
54.7,0.009254,0.001105836667
54.8,0.009124,0.001090301897
54.9,0.008997,0.001075125621
55,0.008874,0.001060427338
55.1,0.008756,0.001046326546
55.2,0.008641,0.001032584249
55.3,0.00853,0.001019319945
55.4,0.008422,0.001006414136
55.5,0.008319,0.0009941058176
55.6,0.008219,0.0009821559941
55.7,0.008122,0.0009705646653
55.8,0.008029,0.0009594513295
55.9,0.007939,0.0009486964883
56,0.007852,0.0009383001419
56.1,0.007768,0.0009282622901
56.2,0.007687,0.0009185829331
56.3,0.007609,0.0009092620707
56.4,0.007534,0.0009002997031
56.5,0.007462,0.0008916958302
56.6,0.007392,0.0008833309537
56.7,0.007324,0.0008752050737
56.8,0.007259,0.0008674376885
56.9,0.007196,0.0008599092996
57,0.007136,0.0008527394055
57.1,0.007077,0.0008456890097
57.2,0.00702,0.0008388776103
57.3,0.006965,0.0008323052073
57.4,0.006912,0.0008259718009
57.5,0.00686,0.0008197578927
57.6,0.00681,0.0008137829809
57.7,0.006761,0.0008079275674
57.8,0.006713,0.0008021916521
57.9,0.006667,0.0007966947333
58,0.006621,0.0007911978145
58.1,0.006577,0.0007859398921
58.2,0.006533,0.0007806819698
58.3,0.00649,0.0007755435457
58.4,0.006448,0.0007705246198
58.5,0.006406,0.0007655056939
58.6,0.006365,0.0007606062663
58.7,0.006324,0.0007557068387
58.8,0.006283,0.000750807411
58.9,0.006243,0.0007460274816
59,0.006203,0.0007412475522
59.1,0.006163,0.0007364676228
59.2,0.006123,0.0007316876934
59.3,0.006083,0.000726907764
59.4,0.006043,0.0007221278346
59.5,0.006003,0.0007173479052
59.6,0.005963,0.0007125679758
59.7,0.005923,0.0007077880464
59.8,0.005882,0.0007028886188
59.9,0.005841,0.0006979891911
60,0.0058,0.0006930897635
60.1,0.005759,0.0006881903358
60.2,0.005717,0.00068317141
60.3,0.005675,0.0006781524841
60.4,0.005633,0.0006731335582
60.5,0.00559,0.0006679951341
60.6,0.005547,0.00066285671
60.7,0.005504,0.0006577182859
60.8,0.00546,0.0006524603635
60.9,0.005416,0.0006472024412
61,0.005372,0.0006419445189
61.1,0.005327,0.0006365670983
61.2,0.005282,0.0006311896777
61.3,0.005237,0.0006258122571
61.4,0.005191,0.0006203153383
61.5,0.005145,0.0006148184195
61.6,0.005099,0.0006093215007
61.7,0.005053,0.0006038245819
61.8,0.005007,0.0005983276631
61.9,0.00496,0.000592711246
62,0.004913,0.000587094829
62.1,0.004866,0.0005814784119
62.2,0.004819,0.0005758619949
62.3,0.004772,0.0005702455778
62.4,0.004725,0.0005646291608
62.5,0.004678,0.0005590127437
62.6,0.00463,0.0005532768284
62.7,0.004583,0.0005476604114
62.8,0.004536,0.0005420439943
62.9,0.004488,0.000536308079
63,0.004441,0.000530691662
63.1,0.004394,0.0005250752449
63.2,0.004346,0.0005193393297
63.3,0.004299,0.0005137229126
63.4,0.004252,0.0005081064956
63.5,0.004205,0.0005024900785
63.6,0.004158,0.0004968736615
63.7,0.004112,0.0004913767427
63.8,0.004065,0.0004857603256
63.9,0.004018,0.0004801439086
64,0.003972,0.0004746469897
64.1,0.003926,0.0004691500709
64.2,0.00388,0.0004636531521
64.3,0.003834,0.0004581562333
64.4,0.003788,0.0004526593145
64.5,0.003742,0.0004471623957
64.6,0.003697,0.0004417849751
64.7,0.003652,0.0004364075545
64.8,0.003607,0.0004310301339
64.9,0.003562,0.0004256527134
65,0.003517,0.0004202752928
65.1,0.003472,0.0004148978722
65.2,0.003428,0.0004096399499
65.3,0.003384,0.0004043820275
65.4,0.00334,0.0003991241052
65.5,0.003296,0.0003938661828
65.6,0.003252,0.0003886082605
65.7,0.003209,0.0003834698364
65.8,0.003165,0.000378211914
65.9,0.003122,0.0003730734899
66,0.003079,0.0003679350658
66.1,0.003037,0.0003629161399
66.2,0.002994,0.0003577777158
66.3,0.002952,0.00035275879
66.4,0.00291,0.0003477398641
66.5,0.002868,0.0003427209382
66.6,0.002826,0.0003377020123
66.7,0.002785,0.0003328025847
66.8,0.002743,0.0003277836588
66.9,0.002702,0.0003228842312
67,0.002662,0.0003181043018
67.1,0.002621,0.0003132048741
67.2,0.002581,0.0003084249447
67.3,0.002541,0.0003036450153
67.4,0.002501,0.0002988650859
67.5,0.002462,0.0002942046548
67.6,0.002422,0.0002894247254
67.7,0.002383,0.0002847642942
67.8,0.002345,0.0002802233613
67.9,0.002306,0.0002755629301
68,0.002268,0.0002710219972
68.1,0.002231,0.0002666005625
68.2,0.002193,0.0002620596295
68.3,0.002156,0.0002576381948
68.4,0.002119,0.0002532167601
68.5,0.002083,0.0002489148237
68.6,0.002047,0.0002446128872
68.7,0.002011,0.0002403109507
68.8,0.001976,0.0002361285125
68.9,0.001941,0.0002319460743
69,0.001906,0.0002277636361
69.1,0.001872,0.0002237006961
69.2,0.001838,0.0002196377561
69.3,0.001805,0.0002156943143
69.4,0.001772,0.0002117508726
69.5,0.001739,0.0002078074308
69.6,0.001707,0.0002039834873
69.7,0.001675,0.0002001595438
69.8,0.001644,0.0001964550985
69.9,0.001613,0.0001927506532
70,0.001582,0.0001890462079
70.1,0.001553,0.0001855807591
70.2,0.001523,0.000181995812
70.3,0.001494,0.0001785303632
70.4,0.001466,0.0001751844126
70.5,0.001438,0.000171838462
70.6,0.00141,0.0001684925115
70.7,0.001384,0.0001653855574
70.8,0.001357,0.000162159105
70.9,0.001332,0.0001591716491
71,0.001306,0.000156064695
71.1,0.001282,0.0001531967374
71.2,0.001258,0.0001503287797
71.3,0.001234,0.0001474608221
71.4,0.001212,0.0001448318609
71.5,0.001189,0.0001420834015
71.6,0.001168,0.0001395739386
71.7,0.001147,0.0001370644756
71.8,0.001127,0.0001346745109
71.9,0.001107,0.0001322845462
72,0.001088,0.0001300140798
72.1,0.00107,0.0001278631115
72.2,0.001052,0.0001257121433
72.3,0.001035,0.0001236806733
72.4,0.001019,0.0001217687015
72.5,0.001004,0.000119976228
72.6,0.0009888,0.0001181598548
72.7,0.0009748,0.0001164868796
72.8,0.0009615,0.000114897553
72.9,0.000949,0.0001134038251
73,0.0009371,0.0001119817961
73.1,0.0009261,0.0001106673155
73.2,0.0009157,0.0001094245339
73.3,0.0009062,0.0001082893006
73.4,0.0008973,0.0001072257663
73.5,0.0008893,0.0001062697805
73.6,0.0008819,0.0001053854935
73.7,0.0008754,0.000104608755
73.8,0.0008695,0.0001039037154
73.9,0.0008644,0.0001032942744
74,0.0008601,0.000102780432
74.1,0.0008565,0.0001023502383
74.2,0.0008536,0.0001020036935
74.3,0.0008514,0.0001017407973
74.4,0.00085,0.0001015734998
74.5,0.0008492,0.0001014779012
74.6,0.0008492,0.0001014779012
74.7,0.0008499,0.00010156155
74.8,0.0008512,0.0001017168977
74.9,0.0008532,0.0001019558942
75,0.0008559,0.0001022785394
75.1,0.0008592,0.0001026728836
75.2,0.0008631,0.0001031389267
75.3,0.0008677,0.0001036886186
75.4,0.0008728,0.0001042980596
75.5,0.0008786,0.0001049911493
75.6,0.000885,0.000105755938
75.7,0.0008919,0.0001065804759
75.8,0.0008994,0.0001074767126
75.9,0.0009074,0.0001084326985
76,0.0009159,0.0001094484335
76.1,0.000925,0.0001105358675
76.2,0.0009346,0.0001116830505
76.3,0.0009446,0.0001128780329
76.4,0.0009551,0.0001141327643
76.5,0.0009661,0.0001154472449
76.6,0.0009775,0.0001168095248
76.7,0.0009893,0.000118219604
76.8,0.001002,0.0001197372316
76.9,0.001014,0.0001211712104
77,0.001027,0.0001227246874
77.1,0.001041,0.0001243976627
77.2,0.001054,0.0001259511398
77.3,0.001068,0.0001276241151
77.4,0.001083,0.0001294165886
77.5,0.001098,0.0001312090621
77.6,0.001113,0.0001330015356
77.7,0.001128,0.0001347940092
77.8,0.001143,0.0001365864827
77.9,0.001159,0.0001384984545
78,0.001175,0.0001404104262
78.1,0.001191,0.000142322398
78.2,0.001208,0.000144353868
78.3,0.001224,0.0001462658397
78.4,0.001241,0.0001482973097
78.5,0.001258,0.0001503287797
78.6,0.001275,0.0001523602497
78.7,0.001292,0.0001543917197
78.8,0.001309,0.0001564231897
78.9,0.001327,0.000158574158
79,0.001344,0.0001606056279
79.1,0.001361,0.0001626370979
79.2,0.001379,0.0001647880662
79.3,0.001396,0.0001668195362
79.4,0.001413,0.0001688510062
79.5,0.001431,0.0001710019744
79.6,0.001448,0.0001730334444
79.7,0.001465,0.0001750649144
79.8,0.001482,0.0001770963844
79.9,0.001498,0.0001790083562
80,0.001515,0.0001810398261
80.1,0.001531,0.0001829517979
80.2,0.001547,0.0001848637697
80.3,0.001563,0.0001867757414
80.4,0.001579,0.0001886877132
80.5,0.001594,0.0001904801867
80.6,0.001609,0.0001922726602
80.7,0.001623,0.0001939456355
80.8,0.001638,0.0001957381091
80.9,0.001651,0.0001972915861
81,0.001665,0.0001989645614
81.1,0.001677,0.0002003985402
81.2,0.00169,0.0002019520173
81.3,0.001702,0.0002033859961
81.4,0.001713,0.0002047004767
81.5,0.001724,0.0002060149573
81.6,0.001734,0.0002072099396
81.7,0.001743,0.0002082854237
81.8,0.001752,0.0002093609079
81.9,0.001761,0.000210436392
82,0.001769,0.0002113923779
82.1,0.001776,0.0002122288655
82.2,0.001782,0.0002129458549
82.3,0.001788,0.0002136628443
82.4,0.001794,0.0002143798337
82.5,0.001798,0.0002148578267
82.6,0.001802,0.0002153358196
82.7,0.001805,0.0002156943143
82.8,0.001808,0.000216052809
82.9,0.00181,0.0002162918055
83,0.001811,0.0002164113037
83.1,0.001812,0.000216530802
83.2,0.001812,0.000216530802
83.3,0.001812,0.000216530802
83.4,0.00181,0.0002162918055
83.5,0.001809,0.0002161723073
83.6,0.001806,0.0002158138126
83.7,0.001804,0.0002155748161
83.8,0.0018,0.0002150968231
83.9,0.001796,0.0002146188302
84,0.001792,0.0002141408373
84.1,0.001787,0.0002135433461
84.2,0.001782,0.0002129458549
84.3,0.001776,0.0002122288655
84.4,0.00177,0.0002115118761
84.5,0.001764,0.0002107948867
84.6,0.001757,0.000209958399
84.7,0.00175,0.0002091219114
84.8,0.001743,0.0002082854237
84.9,0.001736,0.0002074489361
85,0.001728,0.0002064929502
85.1,0.00172,0.0002055369643
85.2,0.001712,0.0002045809785
85.3,0.001704,0.0002036249926
85.4,0.001696,0.0002026690067
85.5,0.001687,0.0002015935226
85.6,0.001679,0.0002006375367
85.7,0.001671,0.0001996815508
85.8,0.001662,0.0001986060667
85.9,0.001654,0.0001976500808
86,0.001646,0.0001966940949
86.1,0.001638,0.0001957381091
86.2,0.00163,0.0001947821232
86.3,0.001622,0.0001938261373
86.4,0.001615,0.0001929896497
86.5,0.001607,0.0001920336638
86.6,0.0016,0.0001911971761
86.7,0.001593,0.0001903606885
86.8,0.001586,0.0001895242008
86.9,0.00158,0.0001888072114
87,0.001574,0.000188090222
87.1,0.001568,0.0001873732326
87.2,0.001563,0.0001867757414
87.3,0.001558,0.0001861782503
87.4,0.001554,0.0001857002573
87.5,0.001549,0.0001851027661
87.6,0.001546,0.0001847442714
87.7,0.001543,0.0001843857767
87.8,0.00154,0.000184027282
87.9,0.001538,0.0001837882856
88,0.001536,0.0001835492891
88.1,0.001535,0.0001834297909
88.2,0.001534,0.0001833102926
88.3,0.001534,0.0001833102926
88.4,0.001535,0.0001834297909
88.5,0.001536,0.0001835492891
88.6,0.001538,0.0001837882856
88.7,0.001541,0.0001841467803
88.8,0.001544,0.000184505275
88.9,0.001549,0.0001851027661
89,0.001554,0.0001857002573
89.1,0.001559,0.0001862977485
89.2,0.001566,0.0001871342361
89.3,0.001574,0.000188090222
89.4,0.001582,0.0001890462079
89.5,0.001591,0.000190121692
89.6,0.001602,0.0001914361726
89.7,0.001613,0.0001927506532
89.8,0.001626,0.0001943041302
89.9,0.001639,0.0001958576073
90,0.001654,0.0001976500808
